"ID";"Bezeichner";"Footprint";"Stückzahl";"Bezeichnung";"Anbieter und Referenz";
1;"J2,J1";"PinHeader_1x10_P2.54mm_Vertical";2;"Conn_01x10_Pin";;;
2;"U2";"SOT-23-5";1;"MCP73831-2-OT";;;
3;"R5,R6";"R_0603_1608Metric_Pad0.98x0.95mm_HandSolder";2;"1.5k";;;
4;"U1";"RPi_Pico_SMD_TH";1;"Pico";;;
5;"R11,R12";"R_0603_1608Metric_Pad0.98x0.95mm_HandSolder";2;"4k7";;;
6;"SW2";"SW_Push_1P1T_XKB_TS-1187A";1;"Reset";;;
7;"Q1";"TSOP-6_1.65x3.05mm_P0.95mm";1;"IRFTS2242PBF";;;
8;"J7";"PinHeader_2x04_P2.54mm_Vertical";1;"Conn_02x04_Top_Bottom";;;
9;"J5";"PinHeader_1x07_P2.54mm_Vertical";1;"Conn_01x07";;;
10;"R16,R15";"R_0603_1608Metric_Pad0.98x0.95mm_HandSolder";2;"5K1";;;
11;"R14,R17";"R_0603_1608Metric_Pad0.98x0.95mm_HandSolder";2;"470";;;
12;"R10,R3,R7,R4,R8,R9";"R_0603_1608Metric_Pad0.98x0.95mm_HandSolder";6;"1k";;;
13;"D5,D6,D4,D3";"LED_0805_2012Metric_Pad1.15x1.40mm_HandSolder";4;"LED";;;
14;"R2";"R_0603_1608Metric_Pad0.98x0.95mm_HandSolder";1;"20k";;;
15;"R18";"R_0603_1608Metric_Pad0.98x0.95mm_HandSolder";1;"2K";;;
16;"C2,C3,C1";"C_1206_3216Metric_Pad1.33x1.80mm_HandSolder";3;"10uF";;;
17;"J8";"PinHeader_1x02_P2.54mm_Vertical";1;"Conn_01x02";;;
18;"J4";"PinHeader_1x04_P2.54mm_Vertical";1;"Conn_01x04_Pin";;;
19;"R1";"R_0603_1608Metric_Pad0.98x0.95mm_HandSolder";1;"10k";;;
20;"SW1";"SW_Push_1P1T_XKB_TS-1187A";1;"BootSel";;;
21;"D2,D1";"LED_SK6805_PLCC4_2.4x2.7mm_P1.3mm";2;"SK6805";;;
22;"J6";"USB_C_Receptacle_GCT_USB4105-xx-A_16P_TopMnt_Horizontal";1;"USB_C_Receptacle_USB2.0_16P";;;
23;"U3";"pga2350__pimoroni";1;"Pico PGA2350B";;;
24;"J3";"PinHeader_2x10_P2.54mm_Horizontal";1;"Conn_02x10_Odd_Even";;;
