﻿pos_x,pos_y,rotation,side,designator,mpn,pack,footprint,value,mount_type
117.9445,-70.485,180.0,top,C1,,,C_1206_3216Metric_Pad1.33x1.80mm_HandSolder,10uF,smt
158.115,-86.995,0.0,top,C2,,,C_1206_3216Metric_Pad1.33x1.80mm_HandSolder,10uF,smt
164.465,-93.472,0.0,top,C3,,,C_1206_3216Metric_Pad1.33x1.80mm_HandSolder,10uF,smt
111.522,-70.597,0.0,top,D1,,,LED_SK6805_PLCC4_2.4x2.7mm_P1.3mm_2427,SK6805,smt
111.522,-67.422,0.0,top,D2,,,LED_SK6805_PLCC4_2.4x2.7mm_P1.3mm_2427,SK6805,smt
111.37,-74.93,0.0,top,D3,,,LED_0805_2012Metric_Pad1.15x1.40mm_HandSolder,LED green,smt
111.37,-77.089,0.0,top,D4,,,LED_0805_2012Metric_Pad1.15x1.40mm_HandSolder,LED green,smt
157.353,-94.361,180.0,top,D5,,,LED_0805_2012Metric_Pad1.15x1.40mm_HandSolder,LED green,smt
157.353,-90.551,0.0,top,D6,,,LED_0805_2012Metric_Pad1.15x1.40mm_HandSolder,LED red,smt
131.764,-124.3534,90.0,top,J1,,,PinHeader_1x10_P2.54mm_Vertical,Conn_01x10_Pin,tht
159.766,-82.296,90.0,top,J10,,,PinHeader_1x04_P2.54mm_Vertical,Conn_01x04,tht
131.764,-109.1134,90.0,top,J2,,,PinHeader_1x10_P2.54mm_Vertical,Conn_01x10_Pin,tht
98.298,-87.122,180.0,bottom,J3,,,PinHeader_2x10_P2.54mm_Horizontal,Conn_02x10_Odd_Even,tht
103.2002,-107.8484,90.0,top,J4,,,PinHeader_1x04_P2.54mm_Vertical,Conn_01x04_Pin,tht
121.666,-90.932,0.0,top,J5,,,PinHeader_1x07_P2.54mm_Vertical,Conn_01x07,tht
172.847,-90.297,90.0,top,J6,,,USB_C_Receptacle_GCT_USB4105-xx-A_16P_TopMnt_Horizontal,USB_C_Receptacle_USB2.0_16P,smt
105.283,-119.253,90.0,top,J7,,,PinHeader_2x04_P2.54mm_Vertical,Conn_02x04_Top_Bottom,tht
163.322,-124.587,90.0,top,J8,,,PinHeader_1x02_P2.54mm_Vertical,Conn_01x02,tht
159.766,-79.756,90.0,top,J9,,,PinHeader_2x04_P2.54mm_Vertical,Conn_02x04_Top_Bottom,tht
170.671,-111.699,0.0,top,Q1,,,TSOP-6_1.65x3.05mm_P0.95mm,IRFTS2242PBF,smt
158.4725,-125.476,0.0,top,R1,,,R_0603_1608Metric_Pad0.98x0.95mm_HandSolder,10k,smt
117.047,-75.946,0.0,top,R10,,,R_0603_1608Metric_Pad0.98x0.95mm_HandSolder,1k,smt
106.299,-122.174,0.0,top,R11,,,R_0603_1608Metric_Pad0.98x0.95mm_HandSolder,4k7,smt
112.903,-122.174,0.0,top,R12,,,R_0603_1608Metric_Pad0.98x0.95mm_HandSolder,4k7,smt
153.543,-91.821,0.0,top,R14,,,R_0603_1608Metric_Pad0.98x0.95mm_HandSolder,470,smt
165.6315,-85.344,180.0,top,R15,,,R_0603_1608Metric_Pad0.98x0.95mm_HandSolder,5K1,smt
165.5845,-87.122,180.0,top,R16,,,R_0603_1608Metric_Pad0.98x0.95mm_HandSolder,5K1,smt
153.543,-93.726,180.0,top,R17,,,R_0603_1608Metric_Pad0.98x0.95mm_HandSolder,470,smt
165.5845,-95.504,0.0,top,R18,,,R_0603_1608Metric_Pad0.98x0.95mm_HandSolder,2K,smt
158.5195,-123.825,0.0,top,R2,,,R_0603_1608Metric_Pad0.98x0.95mm_HandSolder,20k,smt
145.6455,-113.284,0.0,top,R3,,,R_0603_1608Metric_Pad0.98x0.95mm_HandSolder,1k,smt
139.9305,-113.284,0.0,top,R4,,,R_0603_1608Metric_Pad0.98x0.95mm_HandSolder,1k,smt
151.1065,-113.284,180.0,top,R5,,,R_0603_1608Metric_Pad0.98x0.95mm_HandSolder,1.5k,smt
134.366,-113.284,180.0,top,R6,,,R_0603_1608Metric_Pad0.98x0.95mm_HandSolder,1.5k,smt
117.047,-73.787,0.0,top,R7,,,R_0603_1608Metric_Pad0.98x0.95mm_HandSolder,1k,smt
120.65,-75.946,0.0,top,R8,,,R_0603_1608Metric_Pad0.98x0.95mm_HandSolder,1k,smt
120.6735,-73.787,0.0,top,R9,,,R_0603_1608Metric_Pad0.98x0.95mm_HandSolder,1k,smt
118.92,-63.754,0.0,top,SW1,,,SW_Push_1P1T_XKB_TS-1187A,BootSel,smt
108.585,-86.233,0.0,top,SW2,,,SW_Push_1P1T_XKB_TS-1187A,Reset,smt
150.75,-109.22,-90.0,top,U1,,,RPi_Pico_SMD_TH,Pico,tht
165.227,-90.297,0.0,top,U2,,,SOT-23-5,MCP73831-2-OT,smt
138.684,-75.946,0.0,top,U3,,,pga2350__pimoroni,Pico PGA2350B,tht
