﻿Designator,Quantity,Value,Footprint,Package,MPN,DNP,Mount_Type,Description,Sim.Pins
"C1, C2, C3",3,10uF,C_1206_3216Metric_Pad1.33x1.80mm_HandSolder,,,,smt,"Unpolarized capacitor, small symbol",
"D1, D2",2,SK6805,LED_SK6805_PLCC4_2.4x2.7mm_P1.3mm_2427,,,,smt,SK6805,
"D3, D4, D5",3,LED green,LED_0805_2012Metric_Pad1.15x1.40mm_HandSolder,,,,smt,KT-0805G,1=K 2=A
D6,1,LED red,LED_0805_2012Metric_Pad1.15x1.40mm_HandSolder,,,,smt,KT-0805R,1=K 2=A
J10,1,Conn_01x04,PinHeader_1x04_P2.54mm_Vertical,,,,tht,"Generic connector, single row, 01x04, script generated (kicad-library-utils/schlib/autogen/connector/)",
J6,1,USB_C_Receptacle_USB2.0_16P,USB_C_Receptacle_GCT_USB4105-xx-A_16P_TopMnt_Horizontal,,,,smt,USB 2.0-only 16P Type-C Receptacle connector,
Q1,1,IRFTS2242PBF,TSOP-6_1.65x3.05mm_P0.95mm,,,,smt,IRFTS2242PBF,
R1,1,10k,R_0603_1608Metric_Pad0.98x0.95mm_HandSolder,,,,smt,,
"R10, R3, R4, R7, R8, R9",6,1k,R_0603_1608Metric_Pad0.98x0.95mm_HandSolder,,,,smt,,
"R11, R12",2,4k7,R_0603_1608Metric_Pad0.98x0.95mm_HandSolder,,,,smt,,
"R14, R17",2,470,R_0603_1608Metric_Pad0.98x0.95mm_HandSolder,,,,smt,,
"R15, R16",2,5K1,R_0603_1608Metric_Pad0.98x0.95mm_HandSolder,,,,smt,,
R18,1,2K,R_0603_1608Metric_Pad0.98x0.95mm_HandSolder,,,,smt,,
R2,1,20k,R_0603_1608Metric_Pad0.98x0.95mm_HandSolder,,,,smt,,
"R5, R6",2,1.5k,R_0603_1608Metric_Pad0.98x0.95mm_HandSolder,,,,smt,,
SW1,1,BootSel,SW_Push_1P1T_XKB_TS-1187A,,,,smt,TS-1187A,
SW2,1,Reset,SW_Push_1P1T_XKB_TS-1187A,,,,smt,TS-1187A,
U2,1,MCP73831-2-OT,SOT-23-5,,,,smt,"Single cell, Li-Ion/Li-Po charge management controller, 4.20V, Tri-State Status Output, in SOT23-5 package",
